<?xml version="1.0"?>
#Nodes 节点程序信息
# -name 节点名称
# -use_botton 是否用于按键, true: UI自动生成按钮并关键启动和关闭指令
# -show_status 是否在UI通过LED显示其工作状态
#   LaunchCommand 启动指令
#   CloseCommand  关闭指令
#   Topic 节点话题名称, 程序订阅特定话题以检测状态
#   
<NodesArray>
    <Nodes name="gps" show_status="true">
        <LaunchCommand>roslaunch novatel novatel.launch &</LaunchCommand>
        <Topic name="odom">/gps_odom</Topic>
    </Nodes>
    
    <Nodes name="rtk" show_status="true">
        <LaunchCommand>roslaunch rtk rtk.launch &</LaunchCommand>
        <Topic name="status">/rtk_status</Topic>
    </Nodes>

    <Nodes name="lidar" show_status="true">
        <LaunchCommand>roslaunch hesai_lidar p40p.launch &</LaunchCommand>
        <Topic name="points">/pandar_points</Topic>
    </Nodes>
    
    <Nodes name="camera" show_status="true">
        <Topic name="img">/image_left</Topic>
    </Nodes>

    <Nodes name="imu">
        <LaunchCommand>roslaunch novatel novatel_imu.launch & </LaunchCommand>
        <Topic name="raw_imu">/raw_imu</Topic>
        <Topic name="corr_imu">/corr_imu</Topic>
    </Nodes>

    <Nodes name="base_control">
        <LaunchCommand>roslaunch ant_driver ant_driver.launch &</LaunchCommand>
        <Topic name="vehicle_state">/vehicleState</Topic>
    </Nodes>
    
    <Nodes name="driverless">
        <LaunchCommand>roslaunch driverless driverless.launch &</LaunchCommand>
        <CloseCommand>rosnode kill /driverless_node &</CloseCommand>
    </Nodes>
    
    <Nodes name="killros">
        <LaunchCommand>killall -9 roscore && killall -9 rosmaster &</LaunchCommand>
    </Nodes>
    
    <Nodes name="rviz" use_botton="true">
        <LaunchCommand>rosrun rviz rviz __name:=rviz &</LaunchCommand>
        <CloseCommand>rosnode kill /rviz &</CloseCommand>
    </Nodes>
    
    <Nodes name="turtlesim_test" use_botton="true">
        <LaunchCommand>rosrun turtlesim  turtlesim_node &</LaunchCommand>
        <CloseCommand>rosnode kill /turtlesim &</CloseCommand>
    </Nodes>
    

</NodesArray>
